timestamp,volume,open,last_price,low,high
1606478400,40204.85,0.9967,0.9967,0.9966,0.9974
1606482000,133035.8,0.9969,0.9965,0.9962,0.9974
1606485600,201194.05,0.9965,0.9968,0.9963,0.9973
1606489200,124625.88,0.9968,0.9968,0.9964,0.9973
1606492800,91078.6,0.9968,0.9973,0.9966,0.9973
1606496400,107878.93,0.9972,0.9972,0.9964,0.9974
1606500000,77115.61,0.9968,0.9974,0.9966,0.9974
1606503600,60896.87,0.9974,0.9973,0.9969,0.9974
1606507200,185719.96,0.9973,0.9971,0.9964,0.9974
1606510800,59234.78,0.997,0.9973,0.9965,0.9973
1606514400,91493.86,0.9972,0.9971,0.9968,0.9974
1606518000,60262.2,0.9971,0.9971,0.9968,0.9973
1606521600,28183.44,0.9972,0.9971,0.9968,0.9972
1606525200,73326.34,0.9972,0.9974,0.9971,0.9975
1606528800,48781.98,0.9974,0.9969,0.9966,0.9974
1606532400,39698.51,0.9967,0.9969,0.9967,0.9974
1606536000,58717.57,0.9969,0.9966,0.9966,0.9971
1606539600,33649.06,0.9967,0.9966,0.9966,0.9969
1606543200,22092.9,0.9966,0.997,0.9966,0.9974
1606546800,99434.68,0.997,0.9964,0.9964,0.9973
1606550400,68837.01,0.9966,0.9963,0.9963,0.9966
1606554000,77831.29,0.9966,0.9967,0.9963,0.9968
1606557600,160046.89,0.9966,0.9966,0.9961,0.9967
1606561200,69114.07,0.9966,0.9966,0.9961,0.9967
1606564800,55155.55,0.9966,0.9967,0.9965,0.997
1606568400,414703.16,0.997,0.9972,0.9961,0.998
1606572000,340872.55,0.997,0.9973,0.9966,0.9973
1606575600,261145.0,0.997,0.997,0.9965,0.9973
1606579200,405894.94,0.997,0.9974,0.9965,0.9975
1606582800,244249.97,0.9974,0.9972,0.9966,0.9975
1606586400,62188.63,0.9972,0.9975,0.9966,0.9975
1606590000,27413.5,0.9973,0.9966,0.9966,0.9975
1606593600,40518.19,0.9973,0.9969,0.9965,0.9975
1606597200,53758.15,0.9969,0.9971,0.9965,0.9974
1606600800,65358.48,0.9973,0.9973,0.9965,0.9974
1606604400,69875.37,0.9974,0.9972,0.9969,0.9975
1606608000,87285.17,0.9972,0.9972,0.9966,0.9975
1606611600,68113.36,0.9971,0.9973,0.9971,0.9975
1606615200,63567.12,0.9973,0.9973,0.997,0.9975
1606618800,17682.98,0.9971,0.9973,0.9969,0.9973
1606622400,19357.6,0.9973,0.9971,0.9971,0.9974
1606626000,19144.08,0.9971,0.9971,0.9971,0.9972
1606629600,27793.71,0.9971,0.9966,0.9966,0.9974
1606633200,28940.09,0.9966,0.997,0.9966,0.9972
1606636800,82050.82,0.997,0.9967,0.9965,0.9975
1606640400,114098.63,0.997,0.9971,0.9964,0.9974
1606644000,35700.96,0.9969,0.9967,0.9967,0.9973
1606647600,63073.02,0.9968,0.9972,0.9965,0.9972
1606651200,33850.89,0.997,0.9965,0.9965,0.9972
1606654800,265724.82,0.9965,0.9965,0.9961,0.9967
1606658400,35308.5,0.9963,0.9965,0.9961,0.9965
1606662000,60330.89,0.9964,0.9964,0.9962,0.9965
1606665600,157282.08,0.9965,0.996,0.9959,0.9965
1606669200,32470.46,0.9963,0.9965,0.9959,0.9965
1606672800,150598.16,0.9965,0.9959,0.9959,0.9965
1606676400,403991.74,0.9959,0.9961,0.9958,0.9965
1606680000,100372.98,0.9961,0.9961,0.9958,0.9961
1606683600,148084.07,0.9961,0.9962,0.9957,0.9962
1606687200,102657.92,0.9962,0.9958,0.9957,0.9962
1606690800,91212.65,0.9962,0.9962,0.9958,0.9962
1606694400,115962.92,0.9962,0.9962,0.9956,0.9962
1606698000,199424.65,0.9962,0.9955,0.9955,0.9962
1606701600,628416.89,0.9962,0.9963,0.992,0.9963
1606705200,209953.65,0.9963,0.9963,0.9956,0.9963
1606708800,162847.21,0.996,0.9963,0.9956,0.9963
1606712400,133380.33,0.9963,0.9957,0.9954,0.9963
1606719600,275953.32,0.9957,0.9962,0.9954,0.9963
1606723200,290983.87,0.9955,0.9962,0.9954,0.9963
1606726800,140674.21,0.996,0.9955,0.9953,0.9962
1606730400,509023.77,0.9957,0.9954,0.9937,0.996
1606734000,377378.66,0.9949,0.9953,0.9945,0.9956
1606737600,544949.02,0.995,0.9942,0.9942,0.9957
1606741200,1277476.59,0.995,0.9952,0.9941,0.9952
1606744800,606912.82,0.9952,0.9947,0.994,0.9954
1606748400,1221666.52,0.9952,0.9939,0.9938,0.9953
1606752000,553184.3,0.9939,0.9946,0.992,0.9949
1606755600,400649.28,0.9946,0.9953,0.9942,0.9953
1606759200,265958.6,0.9953,0.995,0.9943,0.9953
1606762800,1163357.69,0.995,0.9944,0.9865,0.9953
1606766400,312389.02,0.9942,0.994,0.9933,0.9945
1606770000,134825.88,0.9939,0.9936,0.9932,0.9941
1606773600,84532.71,0.9932,0.9929,0.9929,0.9937
1606777200,75520.69,0.9934,0.9936,0.9929,0.9939
1606780800,222727.93,0.9936,0.994,0.9928,0.9941
1606784400,113014.71,0.9941,0.9932,0.9932,0.9942
1606788000,182363.28,0.9937,0.9938,0.9931,0.9939
1606791600,154570.59,0.9938,0.994,0.9936,0.9941
1606795200,144352.48,0.9941,0.994,0.9934,0.9943
1606798800,106828.95,0.9943,0.9939,0.9934,0.9943
1606802400,273476.55,0.9939,0.9934,0.9934,0.9942
1606806000,122232.68,0.994,0.9941,0.9935,0.9945
1606809600,87170.96,0.9941,0.9935,0.9935,0.9942
1606813200,74475.46,0.9942,0.9944,0.9935,0.9946
1606816800,451359.3,0.9944,0.9942,0.9931,0.9944
1606820400,551775.19,0.994,0.9953,0.9934,0.9955
1606824000,1144377.34,0.9954,0.996,0.9921,0.996
1606827600,1227404.86,0.9959,0.9965,0.9944,0.997
1606831200,651479.38,0.9964,0.996,0.9956,0.9969
1606834800,331902.7,0.9958,0.9962,0.9954,0.9967
1606838400,462744.56,0.9967,0.9964,0.9958,0.9968
1606842000,335096.26,0.9966,0.9958,0.9957,0.9968
1606845600,99987.99,0.996,0.9964,0.9957,0.9968
1606849200,151729.54,0.9968,0.9966,0.9956,0.9968
1606852800,65937.88,0.9966,0.9958,0.9957,0.9966
1606856400,115606.42,0.9958,0.9956,0.9956,0.9961
1606860000,157235.85,0.9957,0.9962,0.9955,0.9964
1606863600,81821.48,0.9964,0.9957,0.9955,0.9964
1606867200,333629.66,0.9957,0.9959,0.9955,0.9967
1606870800,441096.4,0.9959,0.9961,0.9957,0.9967
1606874400,134764.77,0.9961,0.9962,0.9958,0.9967
1606878000,133052.29,0.9963,0.9962,0.9957,0.9967
1606881600,164044.69,0.9962,0.9963,0.9958,0.9967
1606885200,69381.54,0.9961,0.9962,0.9961,0.9967
1606888800,165293.56,0.9962,0.9959,0.9958,0.9967
1606892400,68388.45,0.9959,0.9961,0.9957,0.9967
1606896000,39859.25,0.9961,0.9961,0.9959,0.9964
1606899600,113901.94,0.9961,0.9959,0.9957,0.9962
1606903200,41061.87,0.996,0.9957,0.9957,0.9961
1606906800,269722.85,0.9957,0.9956,0.9955,0.9961
1606910400,356852.4,0.9956,0.996,0.9943,0.996
1606914000,149254.8,0.9958,0.995,0.995,0.996
1606917600,109911.81,0.9951,0.9955,0.9949,0.9957
1606921200,127773.85,0.9956,0.9954,0.995,0.9959
1606924800,255376.67,0.9951,0.9954,0.995,0.9954
1606928400,283592.84,0.9954,0.9956,0.9952,0.9957
1606932000,79222.52,0.9957,0.9957,0.9954,0.9958
1606935600,61257.0,0.9957,0.9949,0.9948,0.9957
1606939200,81157.91,0.9949,0.9952,0.9948,0.9958
1606942800,269949.52,0.9952,0.9961,0.9949,0.9961
1606946400,1063242.9,0.9961,0.9967,0.9956,0.9972
1606950000,81033.45,0.9969,0.997,0.9963,0.997
1606953600,69849.08,0.9966,0.9965,0.9964,0.997
1606957200,76563.53,0.9969,0.9969,0.9963,0.997
1606960800,84974.94,0.9966,0.997,0.9963,0.997
1606964400,203154.71,0.997,0.9965,0.9961,0.9971
1606968000,34625.46,0.9965,0.9963,0.9961,0.9965
1606971600,97579.42,0.9963,0.9962,0.9961,0.9969
1606975200,64710.94,0.9964,0.9963,0.9961,0.9968
1606978800,133257.71,0.9965,0.9961,0.996,0.9968
1606982400,199778.48,0.996,0.9968,0.996,0.9968
1606986000,220698.48,0.9964,0.9967,0.9959,0.9968
1606989600,80720.23,0.9963,0.9958,0.9958,0.9967
1606993200,178325.4,0.996,0.9962,0.9958,0.9967
1606996800,63551.98,0.9964,0.9967,0.9961,0.9967
1607000400,88386.88,0.9963,0.9971,0.9963,0.9971
1607004000,79382.24,0.9971,0.9971,0.9967,0.9971
1607007600,152911.78,0.9971,0.9962,0.9962,0.9971
1607011200,415052.17,0.9965,0.9961,0.9959,0.9972
1607014800,106460.44,0.9962,0.9968,0.9961,0.997
1607018400,173370.28,0.9965,0.9968,0.9959,0.9969
1607022000,69924.63,0.9968,0.9964,0.9963,0.9969
1607025600,51211.14,0.9965,0.9966,0.9962,0.9968
1607029200,53788.1,0.9966,0.9965,0.996,0.9968
1607032800,21419.28,0.9968,0.9965,0.9965,0.9968
1607036400,85132.17,0.9965,0.9968,0.9961,0.9968
1607040000,106426.65,0.9968,0.9959,0.9959,0.9968
1607043600,71205.29,0.996,0.9968,0.996,0.9968
1607047200,106550.64,0.9968,0.9968,0.9964,0.9968
1607050800,102829.46,0.9968,0.9967,0.9961,0.9968
1607054400,105407.16,0.9968,0.9964,0.996,0.9968
1607058000,60524.54,0.9967,0.9962,0.9961,0.9968
1607061600,34103.72,0.9962,0.9964,0.9962,0.9968
1607065200,20647.79,0.9966,0.9967,0.9961,0.9967
1607068800,40484.52,0.9966,0.9964,0.9964,0.9967
1607072400,31278.2,0.9967,0.9964,0.9964,0.9967
1607076000,436935.35,0.9966,0.9969,0.996,0.9969
1607079600,176740.3,0.9969,0.9967,0.9967,0.9969
1607083200,277678.01,0.9967,0.9966,0.9962,0.9969
1607086800,291429.83,0.9966,0.9973,0.9962,0.9974
1607090400,80346.73,0.9973,0.9967,0.9965,0.9973
1607094000,218942.01,0.9967,0.9965,0.9964,0.9969
1607097600,98175.29,0.9963,0.9972,0.9962,0.9972
1607101200,104197.88,0.9965,0.9965,0.9962,0.9971
1607104800,225773.95,0.9967,0.9958,0.9958,0.9968
1607108400,132690.33,0.9958,0.9963,0.9958,0.9968
1607112000,32893.62,0.9966,0.9968,0.9961,0.9968
1607115600,224936.48,0.9968,0.9964,0.9958,0.9968
1607119200,141473.07,0.9966,0.9966,0.9964,0.9968
1607122800,247816.38,0.9966,0.9965,0.9956,0.9968
1607126400,336121.56,0.9964,0.9957,0.9954,0.9971
1607130000,128262.73,0.9957,0.9966,0.9957,0.9966
1607133600,50083.87,0.9964,0.9969,0.9964,0.9969
1607137200,99592.0,0.9969,0.9966,0.9966,0.997
1607140800,26408.31,0.9966,0.9967,0.9964,0.9971
1607144400,50863.66,0.9967,0.9963,0.9961,0.997
1607148000,135410.1,0.9963,0.9961,0.996,0.997
1607151600,185649.66,0.9961,0.9959,0.9959,0.9961
1607155200,74203.83,0.9961,0.996,0.9959,0.9961
1607158800,128032.96,0.996,0.9957,0.9957,0.9961
1607162400,42831.75,0.9957,0.9957,0.9957,0.9961
1607166000,295291.38,0.9961,0.9956,0.9955,0.9961
1607169600,122352.1,0.9956,0.9959,0.9954,0.996
1607173200,91364.27,0.9955,0.9959,0.9953,0.9959
1607176800,62816.45,0.9953,0.9958,0.9953,0.9961
1607180400,66614.3,0.9961,0.996,0.9953,0.9961
1607184000,56159.79,0.9961,0.9955,0.9952,0.9961
1607187600,50910.01,0.9953,0.9951,0.9951,0.9961
1607191200,25393.41,0.9958,0.996,0.9951,0.996
1607194800,65624.9,0.9959,0.9958,0.9954,0.9959
1607198400,31401.3,0.9958,0.9957,0.9954,0.9958
1607202000,40604.44,0.9957,0.9958,0.9952,0.9958
1607205600,45887.99,0.9958,0.9958,0.9952,0.9958
1607209200,34858.74,0.9958,0.9958,0.9952,0.9958
1607212800,330805.5,0.9952,0.9958,0.9952,0.9958
1607216400,310915.05,0.9956,0.9951,0.9951,0.9958
1607220000,163392.14,0.9955,0.9957,0.995,0.9958
1607223600,191427.63,0.9957,0.9947,0.9947,0.9957
1607227200,152626.86,0.9946,0.9946,0.9946,0.9956
1607230800,80944.36,0.9954,0.9954,0.9945,0.9954
1607234400,558689.98,0.9948,0.995,0.992,0.9956
1607238000,340476.66,0.995,0.9948,0.9946,0.995
1607241600,577034.48,0.9948,0.995,0.9944,0.995
1607245200,246878.48,0.995,0.9957,0.9948,0.9965
1607248800,243284.47,0.9957,0.9953,0.9945,0.9957
1607252400,69859.17,0.9953,0.9953,0.9948,0.9954
1607256000,165815.05,0.9953,0.9938,0.9937,0.9955
1607259600,170263.5,0.9944,0.9952,0.9944,0.9952
1607263200,193764.04,0.9952,0.9954,0.9948,0.9955
1607266800,49884.73,0.9954,0.9953,0.9946,0.9954
1607270400,107370.62,0.9953,0.9951,0.9946,0.9953
1607274000,41513.96,0.9951,0.9949,0.9945,0.9952
1607277600,67618.45,0.9949,0.995,0.9945,0.9954
1607281200,66911.4,0.995,0.995,0.9945,0.9954
1607284800,61207.84,0.995,0.9947,0.9945,0.9954
1607288400,47924.35,0.995,0.9951,0.9946,0.9954
1607292000,139323.43,0.995,0.9949,0.9945,0.9955
1607295600,40771.23,0.9948,0.9952,0.9946,0.9954
1607299200,244119.97,0.9952,0.9946,0.9945,0.9954
1607302800,209896.17,0.9952,0.9959,0.9947,0.9959
1607306400,42194.64,0.9959,0.9958,0.9955,0.9959
1607310000,116250.92,0.9959,0.9959,0.9952,0.9959
1607313600,95787.05,0.9958,0.9958,0.9958,0.9964
1607317200,92250.74,0.996,0.9958,0.9954,0.9964
1607320800,44828.7,0.9954,0.9956,0.9954,0.9959
1607324400,47587.16,0.9956,0.9953,0.9953,0.9962
1607328000,157058.61,0.9956,0.9952,0.9952,0.9963
1607331600,29697.36,0.9956,0.9961,0.9951,0.9961
1607335200,91092.32,0.996,0.9954,0.9951,0.996
1607338800,22444.6,0.9951,0.9953,0.9951,0.9955
1607342400,102871.36,0.9952,0.9953,0.995,0.9955
1607346000,91470.36,0.9953,0.9952,0.9952,0.996
1607349600,58627.05,0.9952,0.9957,0.9951,0.9957
1607353200,61605.75,0.9955,0.9957,0.9953,0.9959
1607356800,130036.64,0.9959,0.9959,0.9957,0.9964
1607360400,69727.33,0.9959,0.9961,0.9957,0.9963
1607364000,254802.6,0.9959,0.9958,0.9957,0.9967
1607367600,72264.97,0.9961,0.996,0.9954,0.9961
1607371200,57818.74,0.996,0.9958,0.9952,0.9961
1607374800,334792.04,0.9958,0.9953,0.9947,0.9961
1607378400,257909.85,0.9954,0.9948,0.9947,0.9959
1607382000,288254.17,0.9948,0.9945,0.992,0.995
1607385600,212853.81,0.9945,0.9958,0.9945,0.9958
1607389200,86847.24,0.9958,0.9955,0.9951,0.9959
1607392800,160060.23,0.9959,0.995,0.9945,0.9959
1607396400,138477.34,0.995,0.9953,0.9948,0.9953
1607400000,61051.42,0.995,0.9953,0.9948,0.9956
1607403600,68736.67,0.9953,0.9947,0.9947,0.9954
1607407200,38407.09,0.9946,0.9953,0.9945,0.9953
1607410800,141449.22,0.9952,0.9944,0.9944,0.9954
1607414400,170361.24,0.9945,0.9952,0.9943,0.9953
1607418000,185666.98,0.9948,0.9954,0.9943,0.9955
1607421600,66733.06,0.9954,0.9952,0.9945,0.9954
1607425200,116236.73,0.9952,0.9952,0.995,0.9955
1607428800,120483.74,0.9952,0.9954,0.9947,0.9957
1607432400,58350.76,0.9954,0.9958,0.9949,0.9962
1607436000,118425.71,0.9958,0.9952,0.995,0.9959
1607439600,152088.62,0.9952,0.995,0.995,0.9957
1607443200,251360.52,0.995,0.9962,0.9949,0.9962
1607446800,61276.71,0.9959,0.9958,0.9952,0.9962
1607450400,44323.87,0.9958,0.995,0.995,0.9961
1607454000,28374.59,0.995,0.9949,0.9949,0.9952
1607457600,155474.27,0.9949,0.9946,0.9943,0.9951
1607461200,204432.71,0.9949,0.9948,0.9944,0.995
1607464800,105780.77,0.9946,0.9953,0.9946,0.9954
1607468400,582508.67,0.9958,0.9943,0.994,0.9964
1607472000,389533.32,0.9941,0.9937,0.9923,0.9949
1607475600,372735.04,0.9937,0.9939,0.9933,0.9946
1607479200,422975.88,0.9941,0.9935,0.992,0.9942
1607482800,310398.32,0.9935,0.9942,0.9927,0.9942
1607486400,92198.62,0.9942,0.9945,0.9939,0.9945
1607490000,130590.33,0.9945,0.9942,0.9942,0.9947
1607493600,63488.19,0.9942,0.9945,0.9942,0.9947
1607497200,197371.86,0.9945,0.9946,0.9942,0.995
1607500800,607914.53,0.9944,0.9948,0.9942,0.9954
1607504400,211211.24,0.9954,0.9951,0.9942,0.9954
1607508000,224446.74,0.9949,0.9945,0.9937,0.9949
1607511600,161542.98,0.9944,0.9946,0.9941,0.995
1607515200,156761.65,0.9949,0.9945,0.9939,0.9949
1607518800,228988.58,0.9945,0.9946,0.9942,0.995
1607522400,234967.6,0.9947,0.9952,0.9941,0.9952
1607526000,215893.76,0.9952,0.9953,0.9943,0.9953
1607529600,77741.72,0.9953,0.9954,0.9951,0.9954
1607533200,278224.46,0.9954,0.9953,0.9949,0.9959
1607536800,89035.92,0.9954,0.996,0.9953,0.996
1607540400,78075.82,0.9955,0.9961,0.9953,0.9961
1607544000,87990.8,0.9961,0.9954,0.9953,0.9961
1607547600,60374.84,0.9954,0.9958,0.9953,0.9962
1607551200,93957.05,0.9959,0.9958,0.9957,0.9963
1607554800,205213.89,0.9956,0.9963,0.9956,0.9974
1607558400,218764.95,0.9966,0.9963,0.996,0.9969
1607562000,77147.86,0.9969,0.9966,0.996,0.9969
1607565600,24917.39,0.9965,0.9965,0.9961,0.9969
1607569200,55495.16,0.9965,0.9965,0.9963,0.9969
1607572800,76743.85,0.9967,0.9959,0.9959,0.9969
1607576400,66007.2,0.9959,0.9955,0.9955,0.9968
1607580000,40814.03,0.9958,0.9965,0.9957,0.9965
1607583600,4758.59,0.996,0.9967,0.996,0.9967
1607587200,66037.05,0.9962,0.9957,0.9956,0.9967
1607590800,119705.57,0.9957,0.996,0.9955,0.996
1607594400,116349.26,0.996,0.996,0.9957,0.9965
1607598000,88672.55,0.9964,0.9959,0.9959,0.9968
1607601600,25178.56,0.9959,0.996,0.9958,0.9965
1607605200,159054.59,0.996,0.9963,0.9958,0.9966
1607608800,397960.97,0.9959,0.9954,0.9952,0.9961
1607612400,236786.17,0.9956,0.9954,0.9951,0.996
1607616000,258666.57,0.9954,0.9954,0.9951,0.996
1607619600,120340.47,0.9953,0.9957,0.995,0.996
1607623200,33277.41,0.9959,0.9955,0.9952,0.9959
1607626800,94413.98,0.9954,0.9953,0.9951,0.9962
1607630400,80309.51,0.9951,0.9958,0.995,0.9958
1607634000,59400.57,0.9958,0.9959,0.9957,0.9959
1607637600,27615.22,0.9957,0.9957,0.9955,0.996
1607641200,131206.05,0.9959,0.9952,0.995,0.9959
1607644800,259653.81,0.9952,0.9951,0.9949,0.9959
1607648400,451491.36,0.9949,0.9949,0.9948,0.9959
1607652000,157531.23,0.9951,0.9946,0.994,0.9957
1607655600,364153.96,0.9946,0.9948,0.9939,0.9949
1607659200,80677.12,0.9948,0.9951,0.9948,0.9951
1607662800,31977.79,0.9949,0.995,0.9946,0.9951
1607666400,158852.07,0.9951,0.9953,0.9946,0.9953
1607670000,259412.72,0.9953,0.9956,0.9948,0.9958
1607673600,339063.94,0.9958,0.9955,0.9949,0.9962
1607677200,71919.4,0.9955,0.9955,0.9955,0.9961
1607680800,160498.95,0.9955,0.996,0.9952,0.9961
1607684400,125980.05,0.9957,0.9958,0.9951,0.9958
1607688000,125589.25,0.9958,0.9956,0.9953,0.9961
1607691600,195833.33,0.9955,0.9951,0.995,0.9962
1607695200,123626.63,0.9951,0.9956,0.995,0.9959
1607698800,88761.17,0.9956,0.9959,0.9951,0.9959
1607702400,172885.41,0.9958,0.9958,0.9952,0.9961
1607706000,69023.2,0.9956,0.9962,0.9952,0.9962
1607709600,73710.17,0.9958,0.9962,0.9956,0.9962
1607713200,43442.9,0.9962,0.9962,0.9958,0.9963
1607716800,144110.9,0.996,0.9956,0.9955,0.9964
1607720400,38444.33,0.9955,0.9964,0.9955,0.9964
1607724000,96328.36,0.9964,0.9956,0.9955,0.9964
1607727600,114939.49,0.9955,0.9961,0.9952,0.9964
1607731200,141637.84,0.9959,0.9955,0.9955,0.9964
1607734800,178170.32,0.9954,0.9963,0.9954,0.9965
1607738400,80690.29,0.9963,0.9956,0.9956,0.9965
1607742000,88087.89,0.9956,0.996,0.9954,0.9964
1607745600,79508.14,0.9959,0.9958,0.9954,0.9959
1607749200,59637.0,0.9954,0.9956,0.9954,0.9959
1607752800,64604.75,0.9956,0.9959,0.995,0.9959
1607756400,529792.16,0.9958,0.9968,0.9958,0.9968
1607760000,123152.34,0.9968,0.9963,0.9963,0.9969
1607763600,84108.2,0.9963,0.9962,0.9959,0.9964
1607767200,178103.06,0.9962,0.9958,0.9957,0.9962
1607770800,195493.81,0.9959,0.9964,0.9955,0.9964
1607774400,370950.88,0.9964,0.9967,0.9958,0.9967
1607778000,112795.88,0.9967,0.9969,0.9965,0.9969
1607781600,214526.36,0.9969,0.9968,0.9961,0.997
1607785200,180871.07,0.9968,0.9971,0.9964,0.9972
1607788800,128277.44,0.9968,0.9972,0.9962,0.9972
1607792400,13431.18,0.9971,0.9972,0.997,0.9972
1607796000,157590.65,0.9972,0.9974,0.997,0.9974
1607799600,239294.48,0.9974,0.997,0.997,0.9975
1607803200,33000.53,0.997,0.9969,0.9967,0.9973
1607806800,115901.74,0.9969,0.9977,0.9969,0.9977
1607810400,110676.6,0.9976,0.9972,0.9969,0.9978
1607814000,54982.8,0.9972,0.9975,0.9968,0.9975
1607817600,162530.47,0.9974,0.9977,0.9968,0.9978
1607821200,191888.75,0.9977,0.9973,0.9967,0.9977
1607824800,214129.91,0.9968,0.9973,0.9966,0.9973
1607828400,400368.24,0.9972,0.997,0.9964,0.9974
1607832000,187529.72,0.9966,0.997,0.9964,0.9973
1607835600,64344.48,0.997,0.9973,0.9966,0.9973
1607839200,62198.94,0.9973,0.9974,0.997,0.9974
1607842800,262077.68,0.9974,0.9968,0.9961,0.9974
1607846400,70060.51,0.9963,0.9966,0.9962,0.9968
1607850000,93978.12,0.997,0.9971,0.9962,0.9971
1607853600,58321.81,0.9971,0.997,0.9962,0.9971
1607857200,86099.3,0.9963,0.997,0.9962,0.997
1607860800,63243.49,0.9971,0.997,0.9962,0.9971
1607864400,58345.51,0.997,0.9971,0.9965,0.9971
1607868000,81697.17,0.9965,0.9969,0.9965,0.9971
1607871600,89779.7,0.9969,0.9969,0.9963,0.9972
1607875200,167266.75,0.9967,0.9968,0.9962,0.9972
1607878800,158078.75,0.9966,0.9972,0.9966,0.9973
1607882400,65056.07,0.9973,0.9968,0.9964,0.9973
1607886000,115543.9,0.9967,0.9966,0.9954,0.9967
1607889600,58046.57,0.9963,0.9967,0.9962,0.9969
1607893200,41505.88,0.9967,0.9966,0.9964,0.9967
1607896800,146504.82,0.9967,0.9969,0.9964,0.9979
1607900400,73960.64,0.9969,0.9963,0.9963,0.997
1607904000,73202.18,0.9966,0.997,0.9962,0.9971
1607907600,143355.83,0.9969,0.9964,0.9964,0.9973
1607911200,53615.06,0.9969,0.9969,0.9963,0.9972
1607914800,143642.23,0.9971,0.9963,0.996,0.9971
1607918400,99303.69,0.997,0.9963,0.9963,0.9971
1607922000,58357.38,0.9966,0.9969,0.9962,0.9971
1607925600,28973.35,0.9971,0.997,0.9963,0.9971
1607929200,128046.35,0.997,0.9962,0.9962,0.9973
1607932800,294995.7,0.9962,0.9969,0.992,0.997
1607936400,104908.69,0.997,0.9965,0.9961,0.997
1607940000,155563.75,0.9965,0.9969,0.9962,0.9971
1607943600,295352.94,0.9971,0.9971,0.9967,0.9975
1607947200,88893.96,0.9969,0.9969,0.9966,0.9969
1607950800,176244.01,0.9966,0.9972,0.9964,0.9976
1607954400,257284.8,0.9972,0.9976,0.9969,0.9978
1607958000,141227.01,0.9977,0.9972,0.9969,0.9978
1607961600,55670.7,0.9978,0.9971,0.9971,0.9978
1607965200,52551.42,0.9974,0.9973,0.9973,0.9978
1607968800,41937.0,0.9973,0.9974,0.9972,0.9978
1607972400,66868.14,0.9974,0.9969,0.9969,0.9978
1607976000,27374.35,0.9969,0.997,0.9969,0.9974
1607979600,219590.4,0.997,0.9978,0.9968,0.9978
1607983200,53338.65,0.9977,0.9978,0.9975,0.9979
1607986800,84530.55,0.9976,0.9976,0.997,0.9979
1607990400,119568.72,0.9974,0.9978,0.9974,0.9979
1607994000,142483.59,0.9979,0.9979,0.9973,0.9979
1607997600,278301.38,0.9977,0.9979,0.9969,0.9979
1608001200,64418.46,0.9979,0.9973,0.9973,0.9979
1608004800,162382.22,0.9973,0.9972,0.997,0.9979
1608008400,135783.84,0.9972,0.9976,0.9972,0.9981
1608012000,44346.24,0.998,0.998,0.9978,0.9982
1608015600,120928.82,0.998,0.9972,0.9967,0.9981
1608019200,56838.24,0.9972,0.9977,0.9967,0.9977
1608022800,80036.53,0.9977,0.9971,0.9967,0.9977
1608026400,173436.87,0.9967,0.9968,0.9967,0.9977
1608030000,82430.99,0.9973,0.9977,0.9968,0.9977
1608033600,78014.91,0.9977,0.9977,0.9969,0.9977
1608037200,54746.76,0.9977,0.9976,0.9971,0.9978
1608040800,85874.76,0.9975,0.9977,0.9968,0.9978
1608044400,91167.89,0.9977,0.9975,0.9974,0.9978
1608048000,79944.58,0.9978,0.9976,0.9973,0.9978
1608051600,42536.27,0.9976,0.9976,0.9974,0.9977
1608055200,170505.14,0.9974,0.9975,0.997,0.9978
1608058800,197774.13,0.9977,0.9977,0.9964,0.9979
1608062400,88633.82,0.9976,0.9978,0.997,0.9978
1608066000,131314.04,0.9972,0.9975,0.997,0.9979
1608069600,40509.91,0.9975,0.9976,0.997,0.9979
1608073200,60035.54,0.9978,0.9972,0.997,0.9979
1608076800,54740.34,0.9975,0.9976,0.9972,0.9978
1608080400,44253.1,0.9978,0.9974,0.9972,0.9979
1608084000,110845.97,0.9975,0.9975,0.9974,0.9975
1608087600,167323.96,0.9975,0.9976,0.9972,0.9976
1608091200,12670.55,0.9975,0.9976,0.997,0.9976
1608094800,143213.7,0.9974,0.9971,0.9965,0.9975
1608098400,62638.48,0.9966,0.9969,0.9966,0.997
1608102000,52473.98,0.9966,0.9966,0.9966,0.9974
1608105600,378624.07,0.9972,0.9968,0.996,0.9973
1608109200,43181.09,0.9973,0.9973,0.9967,0.9973
1608112800,93360.88,0.9973,0.9971,0.9965,0.9973
1608116400,186749.58,0.9971,0.9971,0.9964,0.9974
1608120000,157205.55,0.9971,0.9974,0.9965,0.9975
1608123600,475558.58,0.9974,0.9976,0.9966,0.9979
1608127200,677090.75,0.9974,0.9976,0.9966,0.998
1608130800,285307.79,0.9976,0.9971,0.9966,0.9981
1608134400,209751.94,0.9971,0.9979,0.9969,0.9979
1608138000,666133.39,0.9975,0.9985,0.997,0.9985
1608141600,223958.19,0.9982,0.9985,0.9976,0.9985
1608145200,131670.85,0.9985,0.9985,0.9983,0.9986
1608148800,75609.12,0.9985,0.9981,0.9977,0.9986
1608152400,210685.55,0.9983,0.9984,0.9974,0.9986
1608156000,612439.08,0.9984,0.9987,0.9976,0.9988
1608159600,351984.59,0.9987,0.9978,0.9966,0.9989
1608163200,158090.76,0.9978,0.998,0.9978,0.9987
1608166800,330191.57,0.998,0.9978,0.997,0.9986
1608170400,276542.35,0.9976,0.9979,0.9976,0.9986
1608174000,402643.75,0.9979,0.9985,0.9976,0.9986
1608177600,168726.01,0.9986,0.9985,0.9976,0.9986
1608181200,226139.27,0.9986,0.9986,0.9985,0.9993
1608184800,370334.33,0.9986,0.9977,0.9966,0.9986
1608188400,324354.8,0.9977,0.9983,0.9974,0.9983
1608192000,656610.2,0.9981,0.9972,0.9966,0.9983
1608195600,1692778.65,0.9972,0.9975,0.996,0.9995
1608199200,821340.51,0.9977,0.9967,0.9965,0.9979
1608202800,203757.07,0.9971,0.9972,0.9968,0.9977
1608206400,335157.9,0.9972,0.9972,0.997,0.9984
1608210000,360405.0,0.9973,0.9978,0.997,0.9983
1608213600,719031.81,0.9978,0.9977,0.9947,0.9981
1608217200,858335.01,0.9977,0.9975,0.9968,0.9981
1608220800,410150.46,0.9975,0.9978,0.9968,0.9978
1608224400,466543.57,0.9978,0.9971,0.9969,0.998
1608228000,826507.98,0.9977,0.9975,0.9969,0.9985
1608231600,567809.45,0.9973,0.998,0.9968,0.9981
1608235200,459718.89,0.9978,0.9977,0.9972,0.9982
1608238800,478799.96,0.9977,0.998,0.9972,0.9988
1608242400,264022.66,0.998,0.9984,0.9975,0.9984
1608246000,288618.2,0.9984,0.9985,0.9975,0.9985
1608249600,335924.63,0.9985,0.9984,0.9979,0.9987
1608253200,276545.25,0.9985,0.9977,0.9975,0.9987
1608256800,385912.93,0.9977,0.9982,0.9977,0.999
1608260400,58689.32,0.9982,0.9984,0.9981,0.9987
1608264000,77173.16,0.9984,0.998,0.998,0.9987
1608267600,87593.59,0.9986,0.9979,0.9978,0.9987
1608271200,152176.6,0.9978,0.9981,0.9978,0.9987
1608274800,184856.14,0.9981,0.9978,0.9975,0.9988
1608278400,927310.66,0.9978,0.998,0.9974,0.9987
1608282000,411881.13,0.9981,0.9977,0.9977,0.9986
1608285600,201973.23,0.9977,0.9975,0.9975,0.9984
1608289200,329363.36,0.9976,0.9981,0.9975,0.9984
1608292800,73595.87,0.9982,0.9979,0.9975,0.9984
1608296400,276541.52,0.9979,0.9981,0.9974,0.9984
1608300000,334715.75,0.9977,0.9978,0.9974,0.9983
1608303600,184099.98,0.9976,0.9977,0.9973,0.9983
1608307200,264527.29,0.9977,0.9971,0.9971,0.9981
1608310800,128750.54,0.9973,0.9971,0.9971,0.9975
1608314400,367070.98,0.9975,0.9974,0.9971,0.9982
1608318000,84835.43,0.9974,0.998,0.9974,0.9982
1608321600,127414.07,0.9982,0.9982,0.998,0.9983
1608325200,127471.13,0.998,0.9983,0.9974,0.9983
1608328800,118387.85,0.9981,0.9983,0.9981,0.9984
1608332400,53235.6,0.9983,0.998,0.9978,0.9984
1608336000,186375.47,0.9983,0.9984,0.9975,0.9984
1608339600,115219.04,0.9983,0.9984,0.9974,0.9984
1608343200,110674.27,0.9982,0.9976,0.9976,0.9984
1608346800,89724.09,0.9976,0.9984,0.9975,0.9984
1608350400,189193.63,0.9984,0.9976,0.9976,0.9984
1608354000,148844.31,0.9976,0.998,0.9975,0.9983
1608357600,176098.78,0.9978,0.9978,0.9976,0.9987
1608361200,269738.34,0.9978,0.9984,0.9975,0.9985
1608364800,962953.72,0.9984,0.9988,0.9982,0.9989
1608368400,199435.71,0.9984,0.998,0.998,0.9989
1608372000,70400.54,0.998,0.9981,0.9979,0.9982
1608375600,161099.95,0.9979,0.9979,0.9978,0.9988
1608379200,88442.02,0.9981,0.9987,0.9979,0.9988
1608382800,100703.32,0.9984,0.9982,0.998,0.9988
1608386400,504944.51,0.9983,0.9987,0.998,0.999
1608390000,391270.6,0.9985,0.9983,0.9982,0.9989
1608393600,700721.29,0.9983,0.9988,0.9971,0.9988
1608397200,1199555.15,0.9988,0.9991,0.9982,0.9997
1608400800,217982.18,0.9991,0.9985,0.9982,0.9997
1608404400,77882.45,0.9987,0.9985,0.9983,0.9989
1608408000,111956.58,0.9985,0.9982,0.9982,0.9987
1608411600,87452.85,0.9983,0.9982,0.9981,0.9987
1608415200,248325.02,0.9981,0.9984,0.998,0.999
1608418800,170263.54,0.9982,0.9987,0.9982,0.9991
1608422400,849083.75,0.9986,0.9986,0.9982,0.9997
1608426000,230058.18,0.9984,0.9986,0.9983,0.9992
1608429600,42190.12,0.9988,0.9984,0.9983,0.9991
1608433200,157025.63,0.9986,0.9984,0.9983,0.9991
1608436800,252007.99,0.9984,0.9983,0.9981,0.9992
1608440400,33879.86,0.9984,0.9988,0.9982,0.9988
1608444000,85327.82,0.9988,0.999,0.9982,0.9991
1608447600,262512.34,0.9986,0.9984,0.9982,0.9991
1608451200,106930.17,0.9982,0.9983,0.9982,0.999
1608454800,132088.31,0.9982,0.9987,0.9982,0.999
1608458400,128730.44,0.9987,0.9983,0.9982,0.999
1608462000,205094.36,0.9982,0.9983,0.998,0.9987
1608465600,175467.92,0.998,0.9982,0.998,0.9986
1608469200,235788.84,0.9982,0.9979,0.9973,0.9985
1608472800,159955.73,0.998,0.9985,0.9978,0.9988
1608476400,85442.49,0.9985,0.9984,0.9982,0.9987
1608480000,454331.93,0.9984,0.9989,0.998,0.999
1608483600,47436.05,0.9989,0.9989,0.9984,0.9989
1608487200,106382.73,0.9985,0.9989,0.9983,0.9989
1608490800,119047.59,0.9985,0.9988,0.9984,0.9989
1608494400,71197.3,0.9985,0.9988,0.9981,0.9989
1608498000,426243.33,0.9988,0.9983,0.998,0.9993
1608501600,578420.84,0.9984,0.9985,0.9975,0.9995
1608505200,103830.92,0.9985,0.9986,0.9981,0.999
1608508800,89374.71,0.9986,0.9982,0.9981,0.999
1608512400,90028.64,0.9981,0.9981,0.9981,0.999
1608516000,140586.05,0.9981,0.9984,0.998,0.9995
1608519600,303391.94,0.9988,0.9988,0.9983,0.9995
1608523200,68510.56,0.9988,0.9984,0.9983,0.9989
1608526800,60479.98,0.9986,0.9984,0.9983,0.9989
1608530400,65436.87,0.9984,0.9983,0.9983,0.9989
1608534000,305549.59,0.9987,0.9983,0.9983,0.999
1608537600,111076.31,0.9983,0.9982,0.998,0.9989
1608541200,389142.55,0.9987,0.9984,0.9979,0.9995
1608544800,792461.77,0.9987,0.9985,0.9977,0.9991
1608548400,534920.01,0.9984,0.9988,0.997,0.9989
1608552000,876575.93,0.9988,0.9982,0.9974,0.9995
1608555600,155087.09,0.9982,0.9984,0.998,0.999
1608559200,0.0,0.9984,0.9984,0.9984,0.9984
1608573600,846952.4,0.9995,0.9989,0.9981,0.9996
1608577200,167947.25,0.9988,0.9991,0.9985,0.9991
1608580800,151892.61,0.9989,0.9989,0.9986,0.9995
1608584400,323263.23,0.9989,0.9989,0.9985,0.9996
1608588000,359973.41,0.9989,0.999,0.9988,0.9995
1608591600,245121.84,0.999,0.9993,0.999,0.9996
1608595200,273871.57,0.9993,0.9994,0.9986,0.9996
1608598800,254300.43,0.9994,0.9991,0.999,0.9994
1608602400,87632.44,0.9991,0.9986,0.9985,0.9992
1608606000,72462.61,0.9986,0.9989,0.9985,0.9992
1608609600,81250.45,0.9985,0.9989,0.9983,0.9992
1608613200,95131.79,0.9987,0.999,0.9985,0.9994
1608616800,113489.41,0.9988,0.9994,0.9985,0.9994
1608620400,203914.07,0.9994,0.9985,0.9985,0.9996
1608624000,211950.99,0.9987,0.9985,0.9985,0.9994
1608627600,680973.26,0.9985,0.9984,0.9976,0.9989
1608631200,157323.4,0.9986,0.9985,0.9983,0.9991
1608634800,289114.47,0.9985,0.9984,0.9983,0.9992
1608638400,287691.61,0.9984,0.9985,0.9982,0.9988
1608642000,490921.36,0.9985,0.9981,0.9974,0.9991
1608645600,179546.31,0.9981,0.9981,0.9981,0.9984
1608649200,516881.04,0.9983,0.9984,0.997,0.9989
1608652800,225472.5,0.9984,0.998,0.9977,0.9988
1608656400,80917.44,0.9984,0.9981,0.9979,0.9986
1608660000,130536.84,0.9984,0.9981,0.9979,0.9984
1608663600,248829.75,0.9981,0.9984,0.9979,0.9986
1608667200,121009.8,0.9983,0.9986,0.9979,0.9988
1608670800,104632.41,0.9988,0.9982,0.998,0.9988
1608674400,61832.05,0.9982,0.998,0.9979,0.9988
1608678000,109273.75,0.998,0.9979,0.9973,0.9982
1608681600,103077.79,0.998,0.9979,0.9979,0.9984
1608685200,321929.72,0.9979,0.9981,0.9973,0.9988
1608688800,148300.07,0.9982,0.9983,0.9978,0.9988
1608692400,154134.65,0.998,0.9984,0.9978,0.9986
1608696000,250849.08,0.9984,0.9979,0.9975,0.9988
1608699600,160849.83,0.9979,0.9978,0.9978,0.9987
1608703200,295581.42,0.9978,0.9978,0.9977,0.9986
1608706800,295293.65,0.9985,0.9979,0.9978,0.9987
1608710400,95471.33,0.9979,0.9978,0.9977,0.9987
1608714000,242824.02,0.9978,0.9979,0.9972,0.9987
1608717600,246561.77,0.9979,0.9981,0.9975,0.9985
1608721200,864137.36,0.9982,0.9984,0.9955,0.999
1608724800,564978.88,0.9984,0.9976,0.9964,0.999
1608728400,628254.93,0.9976,0.9979,0.995,0.9988
1608732000,441322.42,0.9979,0.9974,0.9931,0.9982
1608735600,219871.87,0.9974,0.9978,0.9973,0.9981
1608739200,232692.67,0.9979,0.9981,0.9974,0.9981
1608742800,273044.4,0.998,0.998,0.9974,0.9982
1608746400,128372.31,0.9982,0.9982,0.9977,0.9983
1608750000,54210.72,0.9983,0.9978,0.9974,0.9983
1608753600,151522.7,0.9977,0.9981,0.9975,0.9983
1608757200,667326.93,0.9979,0.9983,0.9974,0.9993
1608760800,1086378.19,0.9983,0.9987,0.9979,0.9995
1608764400,661985.54,0.9987,0.9984,0.9978,0.999
1608768000,1561711.44,0.9986,0.9978,0.9966,0.9988
1608771600,633516.59,0.9978,0.9979,0.9963,0.9984
1608775200,375680.08,0.9977,0.9982,0.9975,0.9984
1608778800,244041.08,0.9979,0.9985,0.9977,0.9985
1608782400,243022.26,0.9985,0.9976,0.9975,0.9985
1608786000,650260.81,0.9976,0.998,0.9966,0.9983
1608789600,413978.67,0.998,0.9976,0.9974,0.9984
1608793200,128227.75,0.9977,0.9977,0.9974,0.998
1608796800,275057.5,0.9976,0.9974,0.9967,0.9982
1608800400,149720.71,0.9976,0.9973,0.9973,0.9979
1608804000,218626.42,0.9973,0.9974,0.997,0.9976
1608807600,384420.93,0.9973,0.997,0.9964,0.9978
1608811200,113168.13,0.997,0.9973,0.9969,0.9976
1608814800,255814.44,0.9973,0.9976,0.9968,0.9976
1608818400,104041.69,0.9973,0.9976,0.9973,0.9977
1608822000,112859.19,0.9975,0.9973,0.9968,0.9977
1608825600,168542.96,0.9972,0.9977,0.997,0.9978
1608829200,203122.24,0.9978,0.9973,0.9966,0.9978
1608832800,79036.71,0.9973,0.9976,0.997,0.9979
1608836400,45771.42,0.9974,0.9976,0.997,0.9977
1608840000,129665.46,0.9971,0.9969,0.9969,0.9978
1608843600,184385.32,0.9973,0.9975,0.9969,0.9979
1608847200,144737.15,0.9976,0.9977,0.9968,0.9978
1608850800,244495.06,0.9977,0.9965,0.9965,0.9978
1608854400,219121.11,0.9967,0.9972,0.9966,0.9975
1608858000,751210.41,0.9974,0.9984,0.9966,0.9984
1608865200,255327.87,0.9977,0.9979,0.9971,0.9979
1608868800,307878.0,0.9979,0.9975,0.9973,0.998
1608872400,116519.23,0.9978,0.9976,0.997,0.998
1608876000,68940.79,0.9974,0.9972,0.997,0.9978
1608879600,71778.8,0.9972,0.9973,0.997,0.9974
1608883200,367797.83,0.9973,0.9971,0.9969,0.998
1608886800,259389.99,0.9971,0.9969,0.9969,0.9974
1608890400,297453.67,0.9969,0.9967,0.9967,0.9976
1608894000,337280.6,0.997,0.9965,0.9952,0.9971
1608897600,118187.14,0.9968,0.9965,0.9963,0.9969
1608901200,163064.54,0.9967,0.9968,0.9964,0.9971
1608904800,547408.25,0.9966,0.997,0.9958,0.9985
1608908400,200722.2,0.9968,0.997,0.9963,0.9972
1608912000,128316.55,0.9969,0.9969,0.9964,0.9971
1608915600,148750.67,0.9969,0.9969,0.9967,0.9979
1608919200,91566.86,0.9969,0.9971,0.9966,0.9973
1608922800,120950.96,0.9971,0.997,0.9968,0.9973
1608926400,141836.37,0.997,0.997,0.9966,0.9973
1608930000,62967.34,0.9972,0.9972,0.997,0.9974
1608933600,93814.37,0.9971,0.9971,0.9971,0.9974
1608937200,130274.68,0.9972,0.9965,0.9964,0.9972
1608940800,229345.16,0.9969,0.9972,0.9964,0.9973
1608944400,99238.97,0.9972,0.9969,0.9964,0.9973
1608948000,199472.6,0.9964,0.9972,0.9963,0.9972
1608951600,459127.18,0.9971,0.9967,0.996,0.9973
1608955200,731754.85,0.9967,0.996,0.9952,0.9969
1608958800,279448.5,0.996,0.996,0.9953,0.9963
1608962400,263989.02,0.996,0.9966,0.9953,0.9966
1608966000,291286.47,0.9966,0.9968,0.996,0.9969
1608969600,209631.77,0.9969,0.9962,0.9962,0.9971
1608973200,136048.42,0.9967,0.9969,0.9965,0.9969
1608976800,225762.63,0.9968,0.9965,0.9961,0.9971
1608980400,50474.81,0.9968,0.9968,0.9964,0.9969
1608984000,124171.97,0.9968,0.9968,0.9965,0.9971
1608987600,189469.86,0.9967,0.9969,0.9963,0.9971
1608991200,182203.16,0.9969,0.9962,0.9962,0.9971
1608994800,366332.51,0.9961,0.9968,0.9959,0.9971
1608998400,352171.01,0.9966,0.9962,0.9958,0.9968
1609002000,400169.99,0.9962,0.9957,0.9956,0.9964
1609005600,131127.71,0.9958,0.9966,0.9956,0.9966
1609009200,266948.64,0.9966,0.997,0.9966,0.997
1609012800,285874.54,0.9969,0.9968,0.9956,0.9971
1609016400,437905.82,0.9969,0.9963,0.9956,0.997
1609020000,452375.12,0.9963,0.9967,0.996,0.9971
1609023600,255779.97,0.9968,0.9968,0.9961,0.9971
1609027200,905866.94,0.9968,0.9968,0.996,0.997
1609030800,795829.16,0.9968,0.9967,0.9957,0.997
1609034400,246390.04,0.9968,0.997,0.996,0.997
1609038000,125222.46,0.997,0.9968,0.9968,0.997
1609041600,184036.5,0.9968,0.9966,0.9961,0.997
1609045200,314238.14,0.9966,0.9961,0.9955,0.9966
1609048800,454459.34,0.996,0.9959,0.9951,0.9962
1609052400,386629.77,0.996,0.9961,0.9957,0.9968
1609056000,420089.49,0.9961,0.9966,0.995,0.997
1609059600,2054456.01,0.9968,0.997,0.9925,0.9994
1609063200,248674.64,0.997,0.9969,0.9968,0.9977
1609066800,670392.29,0.9974,0.997,0.9965,0.9978
1609070400,816005.76,0.997,0.9974,0.9958,0.9979
1609074000,559565.35,0.9973,0.9965,0.9958,0.9978
1609077600,882071.02,0.9965,0.9962,0.9944,0.9969
1609081200,610043.22,0.9962,0.9955,0.9949,0.9965
1609084800,734214.57,0.9954,0.9956,0.9938,0.9962
1609088400,263939.06,0.9956,0.9957,0.995,0.996
1609092000,139878.02,0.9958,0.9957,0.9949,0.9959
1609095600,323202.13,0.9957,0.9957,0.9949,0.996
1609099200,365029.13,0.9959,0.996,0.9953,0.9965
1609102800,1650699.09,0.996,0.9966,0.9941,0.9974
1609106400,343399.31,0.9966,0.9963,0.996,0.9969
1609110000,383105.69,0.9959,0.9958,0.9955,0.9965
1609113600,564950.23,0.9957,0.9957,0.9948,0.9964
1609117200,402920.79,0.9957,0.9964,0.9954,0.9968
1609120800,158251.42,0.9962,0.9957,0.9956,0.9965
1609124400,276308.16,0.9957,0.9957,0.9952,0.9962
1609128000,280125.13,0.9957,0.9951,0.9943,0.9957
1609131600,1460447.5,0.9948,0.9939,0.992,0.9967
1609135200,408079.46,0.9942,0.9949,0.9927,0.9952
1609138800,222953.76,0.9949,0.9946,0.9941,0.9952
1609142400,244289.55,0.9946,0.9947,0.9943,0.9957
1609146000,293204.97,0.9947,0.9953,0.9945,0.9956
1609149600,232105.98,0.9955,0.9959,0.995,0.9959
1609153200,368380.41,0.9959,0.9951,0.9951,0.997
1609156800,187519.24,0.9951,0.995,0.9948,0.9958
1609160400,423222.07,0.9952,0.9965,0.9948,0.9965
1609164000,535226.76,0.9964,0.9954,0.9952,0.9967
1609167600,164957.54,0.9953,0.996,0.9953,0.9962
1609171200,616936.98,0.996,0.9961,0.9949,0.9963
1609174800,448187.41,0.9962,0.9953,0.9951,0.9965
1609178400,515186.66,0.9953,0.9957,0.9952,0.9966
1609182000,363800.79,0.9956,0.9952,0.9951,0.9964
1609185600,205117.45,0.9951,0.996,0.995,0.9962
1609189200,173382.36,0.996,0.9963,0.9957,0.9963
1609192800,763733.35,0.9963,0.9955,0.9955,0.997
1609196400,212148.59,0.9955,0.9953,0.9951,0.9955
1609200000,463590.09,0.9953,0.9962,0.9948,0.9964
1609203600,416264.77,0.9961,0.9961,0.9958,0.9968
1609207200,296876.95,0.9961,0.9965,0.996,0.997
1609210800,478324.15,0.9966,0.9956,0.9956,0.9966
1609214400,685295.23,0.9956,0.9956,0.9955,0.997
1609218000,689175.67,0.9957,0.9955,0.9955,0.9967
1609221600,561719.91,0.9956,0.9953,0.9951,0.996
1609225200,277223.66,0.9953,0.996,0.995,0.9964
1609228800,200275.85,0.996,0.9952,0.9949,0.9963
1609232400,262850.85,0.9951,0.9952,0.9942,0.9956
1609236000,315499.16,0.9952,0.9957,0.9946,0.996
1609239600,1307100.14,0.9957,0.9953,0.9951,0.999
1609243200,169070.32,0.9951,0.9954,0.9948,0.9957
1609246800,145489.61,0.9957,0.9957,0.9949,0.9957
1609250400,227736.86,0.9957,0.9955,0.9951,0.9961
1609254000,169695.35,0.9956,0.9956,0.9952,0.9961
1609257600,197680.79,0.9953,0.9953,0.9949,0.9958
1609261200,431478.46,0.9951,0.9957,0.995,0.9966
1609264800,391663.94,0.9957,0.9959,0.9951,0.9962
1609268400,520164.1,0.9959,0.9962,0.9956,0.9966
1609272000,496869.33,0.9962,0.9955,0.9946,0.9964
1609275600,145843.82,0.9955,0.996,0.9952,0.9961
1609279200,120483.1,0.996,0.9954,0.9954,0.9962
1609282800,224595.97,0.9958,0.995,0.9949,0.9961
1609286400,236763.54,0.9953,0.9956,0.9949,0.9957
1609290000,122898.01,0.9953,0.9954,0.9949,0.9956
1609293600,275433.55,0.9955,0.9947,0.9944,0.9956
1609297200,627353.72,0.9951,0.996,0.9945,0.9966
1609300800,198220.25,0.9958,0.9965,0.9956,0.9966
1609304400,313907.28,0.9965,0.9965,0.9962,0.9966
1609308000,355247.11,0.9965,0.9961,0.9958,0.9966
1609311600,162729.02,0.9961,0.9962,0.9959,0.9967
1609315200,447022.68,0.9965,0.9966,0.9954,0.9968
1609318800,508306.5,0.9963,0.9968,0.9959,0.9968
1609322400,1114151.05,0.9968,0.9968,0.9964,0.998
1609326000,476018.38,0.9968,0.9975,0.9963,0.9975
1609329600,511479.71,0.9974,0.9973,0.9971,0.9978
1609333200,375737.84,0.9972,0.9965,0.9965,0.9976
1609336800,349371.71,0.9965,0.9965,0.9964,0.9973
1609340400,445876.72,0.9965,0.9962,0.9961,0.9973
1609344000,315155.37,0.9961,0.9957,0.9954,0.9965
1609347600,339125.89,0.9957,0.9964,0.9957,0.9969
1609351200,195648.89,0.9966,0.9966,0.9959,0.9968
1609354800,309062.51,0.9967,0.9965,0.9955,0.9967
1609358400,688728.99,0.9965,0.9968,0.9958,0.9979
1609362000,233155.28,0.9967,0.9973,0.9964,0.9974
1609365600,311269.08,0.9972,0.9976,0.9969,0.9979
1609369200,234103.14,0.9976,0.9974,0.9962,0.9976
1609372800,376840.49,0.9974,0.9963,0.9961,0.9975
1609376400,468314.27,0.9963,0.9961,0.9961,0.9975
1609380000,812315.96,0.9965,0.9962,0.9959,0.9974
1609383600,789056.41,0.9963,0.9956,0.9953,0.9972
1609387200,808356.02,0.9956,0.9956,0.9928,0.9968
1609390800,259254.17,0.9956,0.9957,0.9951,0.9962
1609394400,303515.62,0.9954,0.9954,0.9949,0.996
1609398000,354534.1,0.9954,0.9959,0.9946,0.9959
1609401600,309566.3,0.9957,0.9956,0.995,0.996
1609405200,846601.31,0.9956,0.9963,0.995,0.9964
1609408800,529255.65,0.9963,0.9968,0.9951,0.997
1609412400,296440.76,0.9969,0.9966,0.9959,0.9971
1609416000,349165.98,0.9967,0.9963,0.9959,0.997
1609419600,328180.1,0.9963,0.9968,0.9959,0.9969
1609423200,424040.66,0.9968,0.9966,0.9958,0.9969
1609426800,343178.71,0.9966,0.997,0.996,0.997
1609430400,219451.99,0.9966,0.9964,0.996,0.997
1609434000,325748.39,0.9965,0.9967,0.9959,0.9968
1609437600,132410.99,0.9968,0.9966,0.9962,0.997
1609441200,292830.42,0.9969,0.9969,0.9965,0.9971
1609444800,280192.33,0.9969,0.9963,0.9961,0.9971
1609448400,298185.72,0.9963,0.9963,0.9958,0.9968
1609452000,131857.24,0.9963,0.9966,0.9962,0.9966
1609455600,326410.74,0.9966,0.997,0.9961,0.997
1609459200,509364.37,0.997,0.9974,0.9966,0.9977
1609462800,697585.43,0.9974,0.9969,0.9965,0.9977
1609466400,343152.95,0.9971,0.9973,0.9969,0.9977
1609470000,658031.85,0.9972,0.997,0.9966,0.998
1609473600,303127.82,0.997,0.9969,0.9967,0.9977
1609477200,424330.2,0.9968,0.9964,0.9961,0.9969
1609480800,830084.19,0.9962,0.9959,0.9954,0.9964
1609484400,223971.49,0.9962,0.996,0.9955,0.9965
1609488000,177974.01,0.996,0.9962,0.9958,0.9967
1609491600,39759.48,0.9963,0.9962,0.9958,0.9963
1609495200,129185.08,0.9965,0.9964,0.9959,0.9968
1609498800,223861.62,0.9964,0.997,0.9961,0.997
1609502400,171190.1,0.9968,0.9971,0.996,0.9971
1609506000,248433.85,0.9969,0.9962,0.996,0.9971
1609509600,221128.44,0.996,0.9963,0.996,0.9966
1609513200,325688.29,0.9963,0.997,0.9961,0.9972
1609516800,56308.66,0.997,0.9966,0.9964,0.9972
1609520400,358473.73,0.9965,0.9975,0.9965,0.9975
1609524000,221228.04,0.9975,0.9977,0.997,0.9979
1609527600,125979.61,0.9977,0.9975,0.9971,0.9979
1609531200,204073.98,0.9975,0.9974,0.9969,0.9978
1609534800,310465.25,0.9974,0.9978,0.9974,0.9982
1609538400,441457.45,0.9979,0.998,0.9942,0.998
1609542000,250145.05,0.998,0.9977,0.9973,0.9982
1609545600,285902.85,0.9977,0.9978,0.9973,0.9982
1609549200,368385.3,0.998,0.9982,0.9974,0.9983
1609552800,488676.97,0.9982,0.9984,0.9974,0.999
1609556400,306330.18,0.9984,0.9987,0.9982,0.9987
1609560000,69195.54,0.9987,0.998,0.998,0.9989
1609563600,403462.04,0.998,0.9981,0.9971,0.9987
1609567200,316249.86,0.9981,0.9975,0.9972,0.9981
1609570800,1028342.22,0.9975,0.9984,0.9971,0.9995
1609574400,247973.29,0.9984,0.998,0.9979,0.9988
1609578000,491526.05,0.9979,0.9977,0.997,0.9985
1609581600,126902.63,0.9977,0.9975,0.9975,0.998
1609585200,229067.07,0.9977,0.9974,0.9974,0.9983
1609588800,749408.28,0.9975,0.9972,0.996,0.9983
1609592400,626436.8,0.9971,0.997,0.9953,0.9978
1609596000,570022.77,0.997,0.9971,0.9965,0.9976
1609599600,1565895.67,0.9971,0.9978,0.9968,0.999
1609603200,2613995.38,0.9977,0.9981,0.9975,1.0
1609606800,792970.72,0.9986,0.9983,0.9981,0.9991
1609610400,1835364.46,0.9984,0.9992,0.9979,0.9998
1609614000,1015464.71,0.9989,0.9992,0.9985,0.9998
1609617600,1585627.02,0.9992,0.9987,0.997,1.0
1609621200,1031423.49,0.9993,0.9994,0.9981,1.0
1609624800,283131.19,0.9994,0.9997,0.9988,0.9997
1609628400,949650.65,0.9997,0.9996,0.9984,0.9999
1609632000,318426.31,0.9995,0.9996,0.9994,0.9998
1609635600,112711.9,0.9996,0.9995,0.9992,0.9999
1609639200,214758.03,0.9995,0.9999,0.9993,0.9999
1609642800,189135.18,0.9998,0.9998,0.9993,0.9999
1609646400,453328.32,0.9999,0.999,0.9988,0.9999
1609650000,1133867.25,0.999,0.9986,0.997,0.9994
1609653600,519009.81,0.9985,0.9987,0.998,0.9989
1609657200,1005161.17,0.9986,0.9988,0.9973,0.9989
1609660800,860647.42,0.9988,0.9987,0.9977,0.9991
1609664400,492364.39,0.9987,0.9988,0.9981,0.999
1609668000,771541.65,0.9987,0.9991,0.9981,0.9991
1609671600,542866.97,0.9991,0.999,0.9987,0.9992
1609675200,605092.27,0.999,0.9988,0.9983,0.9993
1609678800,765014.56,0.9988,0.9987,0.9974,0.999
1609682400,1155824.01,0.9986,0.9985,0.998,0.9992
1609686000,1228790.21,0.9991,0.9991,0.998,0.9995
1609689600,1386391.28,0.9991,0.9989,0.9974,0.9994
1609693200,1647159.26,0.9985,0.9983,0.9974,0.9993
1609696800,2062922.75,0.9983,0.9981,0.9974,0.999
1609700400,513395.37,0.9982,0.9982,0.9978,0.9989
1609704000,1050929.64,0.9982,0.9983,0.9965,0.9986
1609707600,506887.55,0.9981,0.9981,0.9962,0.9986
1609711200,733645.16,0.9981,0.9979,0.996,0.9984
1609714800,1130346.28,0.9981,0.9982,0.9932,0.999
1609718400,943709.04,0.9982,0.9991,0.9968,0.9992
1609722000,579308.85,0.999,0.9993,0.9984,0.9996
1609725600,755657.31,0.9992,0.9995,0.9983,0.9995
1609729200,1118895.54,0.9995,0.999,0.9972,0.9999
1609732800,1091132.11,0.999,0.9996,0.9985,1.0
1609736400,1445378.13,0.9998,0.9992,0.9971,0.9998
1609740000,3509376.03,0.9992,1.0001,0.996,1.0032
1609743600,2856024.95,1.0001,1.0001,0.998,1.0064
1609747200,1353365.63,1.0,0.9965,0.996,1.0028
1609750800,3618920.45,0.9965,0.999,0.996,1.0026
1609754400,3326643.77,0.9991,0.9992,0.9966,1.0035
1609758000,2097032.51,0.9987,0.9981,0.9966,1.0
1609761600,1633009.41,0.9982,0.9986,0.9967,0.9995
1609765200,1156874.89,0.9986,0.9986,0.998,0.9995
1609768800,1409025.94,0.9984,0.9989,0.9968,0.9995
1609772400,1260942.0,0.9989,0.999,0.9969,0.9995
1609776000,3018497.08,0.999,0.9991,0.9978,0.9998
1609779600,1171861.12,0.9991,0.9991,0.9985,1.0
1609783200,784260.95,0.9991,0.9992,0.9989,0.9997
1609786800,897064.67,0.9991,0.9987,0.995,0.9997
1609790400,823312.76,0.9987,0.9992,0.9968,1.0
1609794000,869056.12,0.9991,0.9993,0.998,1.0
1609797600,244419.69,0.9992,0.9992,0.9989,0.9996
1609801200,742180.02,0.9991,0.9989,0.9989,0.9998
1609804800,1859682.44,0.9989,0.9998,0.9987,1.0005
1609808400,1435694.67,0.9998,0.999,0.9988,1.0002
1609812000,587410.83,0.999,0.9999,0.9988,1.0006
1609815600,2179449.27,0.9999,0.9997,0.9987,1.0008
1609819200,1770381.01,0.9997,0.9996,0.9986,1.0
1609822800,1695798.29,0.9996,0.9992,0.9972,1.0008
1609826400,1935309.4,0.9992,0.9999,0.9962,1.0008
1609830000,347428.36,0.9995,0.9994,0.9988,1.0
1609833600,653552.94,0.9994,0.9993,0.9986,0.9994
1609837200,761163.43,0.9994,0.999,0.9985,0.9994
1609840800,827320.78,0.9989,0.9992,0.9981,0.9994
1609844400,588979.55,0.999,0.9991,0.9982,0.9998
1609848000,495678.29,0.9991,0.9998,0.9985,0.9998
1609851600,366440.1,0.9998,0.9997,0.999,1.0
1609855200,1388187.1,0.9997,0.9998,0.997,1.0
1609858800,1471955.91,0.9999,0.9994,0.999,1.0
1609862400,1319840.89,0.9992,0.9998,0.9971,1.0
1609866000,634151.68,0.9998,1.0001,0.9995,1.0006
1609869600,901849.41,0.9995,1.0004,0.9992,1.0004
1609873200,1579441.75,1.0001,1.0,0.9974,1.0006
1609876800,1541798.22,1.0,0.9999,0.9986,1.0006
1609880400,563916.37,0.9996,1.0001,0.9987,1.0006
1609884000,1348001.36,1.0001,1.0004,0.9978,1.0008
1609887600,1785705.46,1.0006,0.9996,0.9971,1.0008
1609891200,908023.08,0.9998,0.9999,0.9971,1.002
1609894800,346005.87,1.0003,1.0,0.9997,1.001
1609898400,437729.45,1.0,1.0004,0.9998,1.0004
1609902000,330014.26,0.9999,0.9999,0.9998,1.0019
1609905600,1908546.8,1.0003,1.0004,0.998,1.001
1609909200,1258922.97,1.0004,1.0004,0.9993,1.0019
1609912800,634168.65,1.0003,0.9999,0.9996,1.0016
1609916400,702122.0,0.9999,1.0006,0.9996,1.002
1609920000,1492381.71,1.0006,0.9998,0.9985,1.0016
1609923600,479434.1,0.9997,0.9998,0.9992,1.002
1609927200,394399.65,0.9998,1.0005,0.9995,1.0006
1609930800,1666159.5,1.0002,1.0004,0.9991,1.0015
1609934400,1483251.23,1.0004,1.0019,0.999,1.002
1609938000,983820.24,1.0019,1.0006,0.9997,1.0019
1609941600,620353.69,1.0006,1.0004,0.9998,1.0013
1609945200,690545.86,1.0006,1.0004,0.9996,1.0009
1609948800,1801877.54,0.9999,1.0007,0.9981,1.0015
1609952400,781037.41,1.0005,1.0003,0.9998,1.0015
1609956000,969192.46,1.0005,1.0007,1.0003,1.0011
1609959600,1435616.78,1.0006,1.0008,0.9991,1.0019
1609963200,1804122.23,1.0008,1.0008,0.9983,1.002
1609966800,1079060.81,1.0009,1.0002,0.9999,1.002
1609970400,317459.07,1.0002,1.0008,0.9999,1.0008
1609974000,960683.93,1.0008,0.9999,0.9987,1.001
1609977600,800975.54,0.9999,1.0006,0.9997,1.0011
1609981200,495118.82,1.0006,1.0,0.9999,1.0008
1609984800,836867.49,1.0002,1.0005,0.9999,1.002
1609988400,569398.26,1.0005,1.0008,0.9999,1.0011
1609992000,516915.22,1.0003,1.0003,0.9993,1.002
1609995600,583367.98,1.0003,1.0008,0.9991,1.001
1609999200,962810.96,1.0007,1.0006,1.0,1.0015
1610002800,603130.16,1.0006,1.0004,0.9998,1.0016
1610006400,1052612.45,1.0004,1.0005,0.9998,1.0009
1610010000,1291694.01,1.0004,1.0002,1.0,1.0013
1610013600,392864.99,1.0003,1.0005,1.0,1.0008
1610017200,1083381.73,1.0004,1.0005,1.0,1.0015
1610020800,679060.45,1.0005,1.0004,0.9997,1.0009
1610024400,749136.94,1.0005,1.001,1.0,1.0012
1610028000,1349902.31,1.001,1.0009,0.9996,1.002
1610031600,1670629.76,1.0005,1.0001,0.9998,1.0015
1610035200,826422.62,1.0005,1.0002,0.9998,1.0013
1610038800,569261.84,1.0005,1.0002,0.9998,1.001
1610042400,2322076.69,1.0004,0.9998,0.999,1.0019
1610046000,3041764.32,1.0,1.0,0.997,1.0018
1610049600,1380701.75,1.0,1.0002,0.9989,1.0018
1610053200,763740.25,1.0003,0.9999,0.999,1.0011
1610056800,657338.54,0.9999,0.9998,0.9997,1.0007
1610060400,1283000.4,0.9998,1.0001,0.9996,1.0014
1610064000,694084.88,1.0001,1.0007,0.9987,1.0017
1610067600,805472.35,1.0007,1.0001,0.9997,1.0017
1610071200,2108154.62,1.0002,0.9999,0.9997,1.0019
1610074800,1152016.47,0.9999,1.0007,0.9997,1.0012
1610078400,1189140.2,1.0007,0.9999,0.9983,1.0007
1610082000,843961.35,0.9999,1.0002,0.9986,1.0006
1610085600,1659250.32,1.0002,0.9998,0.9986,1.0007
1610089200,560262.58,0.9998,0.9998,0.9998,1.0007
1610092800,159384.4,1.0,0.9998,0.9998,1.0007
